Name,Ticker,Category,Current Price,Day Change %,EMA 50,EMA 200,EMA Cross,Days Since EMA Cross,RSI 14,MACD Signal,Supertrend,ROC 1M %,ROC 3M %,ROC 6M %,1Y CAGR %,3Y CAGR %,Trend Consistency (12M),Momentum Acceleration,Momentum Quality,SD 1Y %,ATR % (14D),Vol Ratio (20D/60D),Vol Trend,52W High,52W Low,% from 52W High,% from 52W Low,1Y Max Drawdown %,Days Since 52W High,Drawdown Status,Market Regime
Crude Oil,CL=F,Commodity,89.39,-0.04,90.1444,83.1042,Golden Cross,154,44.61,Bearish,Bearish,-2.28,21.59,-20.86,46.83,0.06,7,-9.48,-0.38,55.21,5.01,0.98,Stable,112.95,55.27,-20.86,61.73,-39.31,130,Damaged,Bear
Gold,GC=F,Commodity,4190.2998,0.81,4332.7356,4331.2901,Golden Cross,30,38.01,Bearish,Bearish,-6.4,2.64,-10.55,7.2,31.69,7,-7.28,-0.36,28.95,2.2,0.79,Falling,5318.3999,3960.5,-21.21,5.8,-24.94,177,Damaged,Strong Bear
Natural Gas,NG=F,Commodity,3.114,1.57,2.9444,3.0911,Death Cross,155,58.38,Bullish,Bullish,4.67,-3.05,8.5,-6.32,1.68,7,5.69,0.09,91.55,3.98,1.29,Rising,7.46,2.523,-58.26,23.42,-66.18,178,Damaged,Bull
Silver,SI=F,Commodity,61.69,1.35,63.9185,65.0273,Death Cross,57,44.11,Bearish,Bearish,-6.6,6.06,-14.11,29.61,42.82,7,-8.62,-0.21,66.17,2.42,0.98,Stable,115.08,46.562,-46.39,32.49,-51.43,180,Damaged,Strong Bear
EUR/INR,EURINR=X,Currency,108.6234,0.43,109.4474,108.0911,Golden Cross,413,47.15,Bearish,Bearish,-0.94,-0.41,2.01,5.53,6.82,8,-0.8,0.15,13.04,1.3,1.21,Rising,112.486,101.656,-3.43,6.85,-6.84,98,Correcting,Strong Bull
GBP/INR,GBPINR=X,Currency,128.0149,0.38,128.0677,125.7804,Golden Cross,432,50.86,Bullish,Bearish,0.28,-0.16,1.13,8.21,7.54,9,0.33,0.11,10.19,0.72,0.82,Falling,130.5909,115.5451,-1.97,10.79,-5.57,30,At High,Strong Bull
USD/INR,INR=X,Currency,96.42,0.1,95.606,93.8522,Golden Cross,1264,60.07,Bullish,Bullish,2.11,0.58,2.02,8.6,5.06,9,1.92,0.27,7.45,0.55,0.73,Falling,96.8769,87.7403,-0.47,9.89,-3.44,52,At High,Strong Bull
Dow Jones,^DJI,Global Index,51515.8789,0.48,52129.7687,50372.3573,Golden Cross,349,44.55,Bullish,Bearish,-3.55,-1.59,10.59,10.17,15.42,10,-3.02,0.83,12.8,0.96,0.87,Stable,54349.1211,45166.6406,-5.21,14.06,-10.01,44,Recovering,Strong Bull
FTSE 100,^FTSE,Global Index,10541.6904,0.42,10672.2386,10372.6297,Golden Cross,723,41.34,Bearish,Bearish,-2.59,0.5,-0.63,11.16,11.39,8,-2.76,-0.05,11.61,0.99,1.3,Rising,10910.5996,9354.5996,-3.38,12.69,-9.32,157,Correcting,Bull
Hang Seng,^HSI,Global Index,24040.3398,0.28,24967.2156,25152.6923,Death Cross,14,33.57,Bearish,Bearish,-4.65,2.31,-3.02,-8.1,9.21,3,-5.42,-0.16,18.74,1.35,0.87,Stable,27968.0898,22671.8594,-14.04,6.04,-18.94,177,Correcting,Strong Bear
India VIX,^INDIAVIX,Global Index,13.6075,-7.93,12.5173,13.8058,Death Cross,63,56.57,Bullish,Bullish,20.0,16.8,-46.68,29.35,6.17,5,14.4,-0.48,97.98,10.16,1.43,Rising,27.89,9.15,-51.21,48.72,-62.89,135,Damaged,Strong Bear
Nasdaq,^IXIC,Global Index,27657.8223,0.66,26490.4544,24948.6384,Golden Cross,358,68.61,Bullish,Bullish,4.34,6.91,25.62,21.41,27.9,6,2.04,1.37,18.72,1.16,0.85,Stable,27657.8223,20794.6406,0.0,33.0,-13.21,0,At High,Strong Bull
Nikkei 225,^N225,Global Index,69946.8594,2.4,65935.6935,60580.8466,Golden Cross,333,67.32,Bullish,Bullish,5.64,-0.75,34.81,54.4,29.55,9,5.89,1.21,28.88,1.9,0.78,Falling,72366.3438,44550.8516,-3.34,57.0,-15.11,72,Correcting,Strong Bull
S&P 500,^GSPC,Global Index,7829.54,0.72,7650.5389,7275.4681,Golden Cross,360,63.0,Bullish,Bullish,1.44,4.64,18.33,16.58,22.22,6,-0.11,1.41,13.02,0.87,0.94,Stable,7829.54,6343.7202,0.0,23.42,-9.1,0,At High,Strong Bull
US 10Y Yield,^TNX,Global Index,5.275,-0.68,4.9142,4.5617,Golden Cross,138,71.28,Bullish,Bullish,10.26,15.45,21.46,28.07,4.88,8,5.11,1.46,14.72,1.54,1.11,Stable,5.311,3.953,-0.68,33.44,-7.75,0,At High,Strong Bull
