Current Price,Day Change %,EMA 50,EMA 200,RSI 14,MACD Signal,Supertrend,ROC 1M %,ROC 3M %,ROC 6M %,ROC 12M %,1Y CAGR %,3Y CAGR %,52W High,52W Low,% from 52W High,% from 52W Low,1Y Max Drawdown %,Days Since 52W High,Drawdown Status,SD 1Y %,ATR % (14D),Vol Ratio (20D/60D),Vol Trend,Trend Consistency (12M),Momentum Acceleration,Momentum Quality,EMA Cross,Days Since EMA Cross,Beta vs Nifty,Correlation vs Nifty (1Y),Up Capture Ratio,Down Capture Ratio,Capture Ratio,RS vs Nifty 1M %,RS vs Nifty 3M %,RS vs Nifty 6M %,Market Regime,PE Ratio,PB Ratio,Dividend Yield %,Index,Category,Momentum Rank 1M,Momentum Rank 3M,Momentum Rank 6M
24643.05,0.08,25175.25,25226.58,28.19,Bearish,Bearish,-3.74,0.17,-0.17,-2.82,-2.82,8.66,26925.3,22875.5,-8.48,7.73,-15.04,179,Correcting,13.29,0.7,0.59,Falling,5,-3.8,-0.01,Death Cross,2,1.01,0.99,101.9,98.6,1.03,0.18,0.78,2.12,Bear,19.72,2.91,1.17,Nifty 100,Broad Market,37,33,39
13707.85,-0.02,13969.12,13893.8,27.61,Bearish,Bearish,-3.51,0.66,1.87,-0.68,-0.68,10.23,14677.15,12492.1,-6.6,9.73,-14.89,179,Correcting,13.56,0.68,0.59,Falling,6,-3.73,0.14,Golden Cross,30,1.02,0.98,103.4,97.1,1.06,0.41,1.27,4.16,Bull,21.2,3.11,1.04,Nifty 200,Broad Market,36,31,35
23477.8,0.2,24065.67,24318.65,28.94,Bearish,Bearish,-3.92,-0.61,-2.29,-5.01,-5.01,6.73,26328.55,22331.4,-10.83,5.13,-15.18,179,Correcting,13.02,0.73,0.65,Falling,5,-3.72,-0.18,Death Cross,127,1.0,1.0,100.0,100.0,1.0,0.0,0.0,0.0,Strong Bear,19.85,2.84,1.21,Nifty 50,Broad Market,38,40,46
22952.35,-0.03,23288.49,23029.08,30.22,Bearish,Bearish,-3.04,1.56,4.06,0.38,0.38,11.05,24099.0,20528.05,-4.76,11.81,-14.82,179,Correcting,13.72,0.65,0.56,Falling,6,-3.56,0.3,Golden Cross,46,1.02,0.97,103.0,95.3,1.08,0.88,2.17,6.35,Bull,22.24,3.19,0.97,Nifty 500,Broad Market,31,29,31
26623.4,-0.19,25763.92,23989.64,62.88,Bearish,Bullish,2.03,11.13,33.65,12.24,12.24,21.4,26715.4,18892.95,-0.34,40.92,-22.12,1,At High,19.43,0.85,0.63,Falling,8,-1.68,1.73,Golden Cross,79,1.13,0.76,114.3,89.7,1.27,5.95,11.74,35.94,Strong Bull,28.62,3.56,0.43,Nifty Microcap 250,Broad Market,3,6,1
22904.25,-0.38,23117.86,22335.42,35.5,Bearish,Bearish,-2.62,2.9,10.38,7.57,7.57,17.29,23539.35,19430.9,-2.7,17.88,-14.05,20,Recovering,15.7,0.75,0.69,Falling,8,-3.59,0.66,Golden Cross,92,1.05,0.87,107.1,89.2,1.2,1.3,3.52,12.67,Strong Bull,28.64,4.32,0.58,Nifty Midcap 150,Broad Market,25,22,17
72530.9,-0.44,73028.41,70534.46,38.14,Bearish,Bearish,-2.97,3.6,9.78,7.51,7.51,18.42,74766.85,60349.8,-2.99,20.18,-14.63,22,Recovering,16.51,0.84,0.65,Falling,8,-4.17,0.59,Golden Cross,95,1.08,0.85,110.9,92.9,1.19,0.95,4.22,12.07,Strong Bull,19.17,3.23,1.0,Nifty Next 50,Broad Market,30,18,20
18433.4,0.01,18119.07,17199.48,55.65,Bearish,Bullish,0.53,7.93,22.37,8.57,8.57,17.59,18527.2,14232.85,-0.51,29.51,-18.7,1,At High,16.77,0.75,0.66,Falling,8,-2.11,1.33,Golden Cross,79,1.04,0.81,104.8,85.6,1.22,4.45,8.54,24.66,Strong Bull,34.01,3.54,0.55,Nifty Smallcap 250,Broad Market,7,11,5
27540.95,-0.41,28102.66,26995.95,30.89,Bearish,Bearish,-6.21,4.74,6.07,6.85,6.85,21.4,29647.9,23769.6,-7.11,15.87,-17.82,24,Recovering,20.48,1.3,0.57,Falling,9,-7.79,0.3,Golden Cross,332,1.27,0.81,122.0,104.9,1.16,-2.28,5.36,8.36,Strong Bull,32.0,4.2,1.05,Nifty Auto,Sectoral,52,15,27
56471.95,0.31,57217.98,56755.94,38.83,Bearish,Bearish,-2.44,-0.6,0.81,4.45,4.45,8.8,61550.8,50275.35,-8.25,12.33,-18.32,145,Correcting,16.56,0.91,0.64,Falling,7,-2.24,0.05,Golden Cross,46,1.16,0.91,114.6,100.7,1.14,1.48,0.01,3.1,Bull,13.36,1.69,0.69,Nifty Bank,Sectoral,23,39,37
14292.4,-0.04,14912.38,15356.12,30.98,Bearish,Bullish,-6.13,-1.3,-1.91,,,,16580.1,13534.81,-13.8,5.6,-18.37,145,Correcting,22.84,1.24,0.74,Falling,3,-5.7,-0.08,Death Cross,145,1.25,0.85,112.3,118.5,0.95,-2.21,-0.68,0.38,Strong Bear,26.41,2.05,0.4,Nifty Cement,Sectoral,51,43,44
30088.3,-0.03,30079.37,29231.76,47.14,Bearish,Bullish,-1.15,2.83,11.96,0.07,0.07,,30947.1,24936.0,-2.78,20.66,-17.64,36,Recovering,17.17,1.0,0.61,Falling,7,-2.09,0.7,Golden Cross,74,1.0,0.76,86.5,78.2,1.11,2.77,3.44,14.25,Bull,44.81,4.02,0.57,Nifty Chemicals,Sectoral,13,24,14
39017.9,0.06,39308.98,37822.63,36.0,Bearish,Bearish,-2.75,11.53,9.92,-1.99,-1.99,11.81,40829.4,32945.8,-4.44,18.43,-17.28,11,Recovering,20.11,1.21,0.74,Falling,6,-6.59,0.49,Golden Cross,39,1.18,0.76,109.6,103.5,1.06,1.17,12.15,12.21,Strong Bull,63.54,11.22,0.35,Nifty Consumer Durables,Sectoral,28,4,18
25520.3,0.57,26167.97,26275.4,35.7,Bearish,Bearish,-3.43,-1.63,-1.99,-0.82,-0.82,9.42,28463.25,23521.8,-10.34,8.5,-17.36,145,Correcting,16.93,0.97,0.74,Falling,6,-2.89,-0.12,Death Cross,6,1.2,0.92,120.5,113.5,1.06,0.49,-1.02,0.3,Strong Bear,15.65,2.36,0.98,Nifty Financial Services,Sectoral,35,47,45
45185.6,-0.27,47798.45,50191.1,26.09,Bearish,Bearish,-6.7,-7.46,-8.15,-20.68,-20.68,-4.24,57104.05,45185.6,-20.87,0.0,-20.87,265,Damaged,14.03,1.14,0.79,Falling,3,-4.21,-0.58,Death Cross,249,0.7,0.65,55.2,81.0,0.68,-2.78,-6.84,-5.86,Strong Bear,31.35,7.54,1.05,Nifty Fmcg,Sectoral,53,54,53
16518.65,-0.38,16415.52,15511.41,48.33,Bearish,Bullish,-0.68,6.22,11.82,13.95,13.95,20.04,16941.5,13790.65,-2.5,19.78,-8.28,7,Recovering,13.37,1.08,0.94,Stable,8,-2.75,0.88,Golden Cross,100,0.57,0.55,68.9,46.9,1.47,3.24,6.83,14.11,Bull,43.28,5.35,0.47,Nifty Healthcare Index,Sectoral,11,13,15
28890.9,-0.08,30106.56,31514.25,34.43,Bearish,Bearish,-7.79,3.94,-4.21,-18.56,-18.56,-1.9,39488.0,25769.8,-26.84,12.11,-34.74,187,Damaged,25.44,2.23,0.82,Falling,7,-9.1,-0.17,Death Cross,149,0.84,0.43,90.1,106.2,0.85,-3.87,4.55,-1.92,Strong Bear,18.43,5.08,2.78,Nifty It,Sectoral,54,17,49
1534.8,0.55,1547.81,1505.58,44.04,Bearish,Bearish,-2.19,3.17,15.25,-5.37,-5.37,-11.99,1632.5,1253.35,-5.98,22.46,-23.23,255,Correcting,21.94,1.97,0.99,Stable,4,-3.25,0.7,Golden Cross,36,0.92,0.55,79.1,77.8,1.02,1.74,3.79,17.54,Bear,40.59,1.56,0.5,Nifty Media,Sectoral,21,20,11
13304.95,-0.65,13045.97,12191.87,55.01,Bearish,Bullish,1.01,3.5,13.83,37.5,37.5,27.01,13718.3,9616.35,-3.01,38.36,-12.94,75,Correcting,21.61,1.54,1.02,Stable,9,-0.16,0.64,Golden Cross,337,1.02,0.62,124.5,72.5,1.72,4.93,4.12,16.12,Strong Bull,16.2,2.66,1.26,Nifty Metal,Sectoral,5,19,12
11029.9,0.01,11173.21,11330.37,38.3,Bearish,Bullish,-2.34,0.16,-4.15,0.0,0.0,11.56,12352.3,10694.35,-10.71,3.14,-13.42,150,Correcting,15.3,1.06,0.56,Falling,6,-2.39,-0.27,Death Cross,117,0.83,0.71,93.6,85.6,1.09,1.58,0.77,-1.86,Strong Bear,10.92,1.36,1.81,Nifty Oil & Gas,Sectoral,22,34,48
26555.85,-0.51,26182.75,24355.23,50.33,Bearish,Bullish,-0.77,8.92,15.79,20.93,20.93,20.25,27186.45,21454.25,-2.32,23.78,-7.46,7,Recovering,13.57,1.13,0.9,Stable,8,-3.74,1.16,Golden Cross,356,0.54,0.52,70.4,40.4,1.74,3.15,9.54,18.08,Bull,41.12,4.99,0.53,Nifty Pharma,Sectoral,12,7,10
27305.9,0.34,27537.44,27366.49,43.3,Bearish,Bullish,-0.37,-1.24,2.43,3.9,3.9,6.47,29187.95,24144.85,-6.45,13.09,-17.28,145,Correcting,16.37,0.94,0.71,Falling,7,0.04,0.15,Golden Cross,47,1.12,0.89,112.0,99.0,1.13,3.55,-0.63,4.72,Bull,17.0,1.96,0.64,Nifty Private Bank,Sectoral,9,42,33
8401.85,0.39,8517.55,8361.95,40.9,Bearish,Bullish,-4.71,-1.49,-4.73,21.4,21.4,22.2,9879.85,6844.25,-14.96,22.76,-20.31,140,Correcting,23.46,1.47,0.54,Falling,8,-4.21,-0.2,Golden Cross,336,1.27,0.7,136.1,98.4,1.38,-0.79,-0.87,-2.44,Bull,7.56,1.16,0.76,Nifty Psu Bank,Sectoral,42,45,50
872.05,-0.02,885.84,854.43,39.14,Bearish,Bearish,-1.99,13.31,19.0,-1.98,-1.98,18.04,968.65,651.15,-9.97,33.92,-32.78,222,Correcting,25.89,1.98,0.75,Falling,5,-6.43,0.73,Golden Cross,40,1.55,0.78,157.4,145.8,1.08,1.93,13.93,21.29,Strong Bull,37.03,3.81,0.48,Nifty Realty,Sectoral,19,2,6
1911.15,-0.26,1923.3,1835.35,39.34,Bearish,Bullish,-1.47,8.01,9.79,,,,1974.6,1632.57,-3.21,17.06,-7.53,44,Recovering,15.16,1.0,0.75,Falling,3,-4.14,0.65,Golden Cross,99,0.78,0.8,86.2,60.0,1.44,2.45,8.62,12.08,Bull,51.16,2.57,3.56,Nifty Reits & Realty,Sectoral,16,10,19
56713.25,-0.03,55492.6,52721.83,55.75,Bearish,Bullish,-0.55,8.46,17.73,11.44,11.44,19.02,57712.2,44487.95,-1.73,27.48,-14.99,9,At High,18.47,0.91,0.87,Stable,8,-3.37,0.96,Golden Cross,85,1.16,0.82,120.7,96.4,1.25,3.37,9.08,20.02,Strong Bull,23.7,4.86,0.54,Nifty Alpha 50,Strategy,10,9,8
19724.85,-0.26,20158.99,20251.52,28.35,Bearish,Bullish,-4.42,-0.34,-0.53,-5.84,-5.84,13.17,21595.85,18543.9,-8.66,6.37,-14.13,176,Correcting,11.46,0.74,0.71,Falling,6,-4.31,-0.05,Death Cross,12,0.8,0.91,78.0,80.6,0.97,-0.5,0.28,1.76,Strong Bear,16.32,2.79,1.64,Nifty Alpha Quality Value Low-Volatility 30,Strategy,40,38,41
5684.2,0.06,5860.91,5967.86,28.78,Bearish,Bearish,-5.23,-1.56,-5.44,-4.03,-4.03,9.25,6470.9,5644.3,-12.16,0.71,-12.77,160,Correcting,13.2,0.95,0.72,Falling,6,-4.71,-0.41,Death Cross,121,0.89,0.88,92.0,90.4,1.02,-1.31,-0.95,-3.15,Strong Bear,12.91,2.34,2.28,Nifty Dividend Opportunities 50,Strategy,48,46,51
4400.7,-0.25,4426.73,4137.92,40.05,Bearish,Bullish,-2.72,4.95,22.99,23.09,23.09,17.95,4583.75,3317.65,-3.99,32.65,-18.12,10,Recovering,21.49,1.06,0.74,Falling,8,-4.37,1.07,Golden Cross,100,1.37,0.83,151.1,111.6,1.35,1.2,5.56,25.28,Strong Bull,21.06,3.28,0.77,Nifty High Beta 50,Strategy,27,14,4
23854.05,0.1,24536.4,24567.66,24.21,Bearish,Bullish,-4.69,-0.33,-1.02,-5.25,-5.25,9.65,25991.45,22582.0,-8.22,5.63,-13.12,175,Correcting,11.64,0.71,0.69,Falling,7,-4.58,-0.09,Death Cross,0,0.84,0.94,82.1,83.5,0.98,-0.77,0.28,1.27,Strong Bear,25.35,4.15,1.28,Nifty Low Volatility 50,Strategy,41,37,42
63572.75,-0.72,63555.17,62189.34,46.28,Bearish,Bullish,-1.91,1.59,8.43,4.6,4.6,17.82,65309.35,54460.9,-2.66,16.73,-14.47,7,Recovering,17.69,0.95,0.93,Stable,6,-2.44,0.48,Golden Cross,85,1.13,0.84,112.8,97.4,1.16,2.01,2.2,10.72,Strong Bull,27.07,5.12,0.48,Nifty Midcap150 Momentum 50,Strategy,18,27,23
23667.0,-0.16,24305.7,23859.62,26.23,Bearish,Bullish,-4.98,0.22,6.56,-2.54,-2.54,9.16,25002.75,20728.25,-5.34,14.18,-16.99,22,Recovering,15.21,0.85,0.76,Falling,8,-5.05,0.43,Golden Cross,60,1.0,0.86,99.4,95.3,1.04,-1.06,0.84,8.85,Bull,30.8,6.88,0.99,Nifty Midcap150 Quality 50,Strategy,45,32,26
25122.4,-0.18,25338.83,25162.27,38.99,Bearish,Bullish,-2.55,2.92,9.55,-6.45,-6.45,10.86,27482.15,21675.8,-8.59,15.9,-21.13,254,Correcting,16.37,0.83,0.58,Falling,5,-3.52,0.58,Golden Cross,25,1.02,0.81,92.6,93.6,0.99,1.37,3.54,11.84,Bear,24.56,4.66,1.06,Nifty Smallcap250 Quality 50,Strategy,24,21,21
19504.3,0.01,20093.63,20032.9,22.58,Bearish,Bearish,-5.21,0.11,-0.21,-4.87,-4.87,9.52,21373.05,18308.4,-8.74,6.53,-14.34,175,Correcting,11.87,0.75,0.73,Falling,7,-5.25,-0.02,Golden Cross,27,0.87,0.95,84.1,85.1,0.99,-1.29,0.72,2.08,Strong Bear,24.08,3.84,1.35,Nifty100 Low Volatility 30,Strategy,47,35,40
30907.6,-0.75,30860.07,30674.95,48.79,Bearish,Bullish,-1.65,1.65,4.85,2.42,2.42,12.51,32218.6,27071.65,-4.07,14.17,-15.98,205,Correcting,17.9,1.07,0.93,Stable,7,-2.2,0.27,Golden Cross,22,1.17,0.85,116.6,104.4,1.12,2.27,2.27,7.14,Strong Bull,24.28,4.49,0.82,Nifty200 Momentum 30,Strategy,17,26,29
19838.1,-0.36,20369.65,20327.48,30.4,Bearish,Bearish,-4.99,0.8,1.61,-4.72,-4.72,7.87,21687.9,18207.0,-8.53,8.96,-16.05,175,Correcting,13.29,0.95,0.84,Falling,5,-5.26,0.12,Golden Cross,21,0.87,0.85,86.3,86.8,0.99,-1.07,1.42,3.9,Bear,26.89,8.39,1.77,Nifty200 Quality 30,Strategy,46,30,36
14719.5,0.0,14992.64,14803.56,36.44,Bearish,Bullish,-3.17,-3.35,-1.84,14.8,14.8,,16272.95,12709.1,-9.55,15.82,-13.71,140,Correcting,16.32,0.91,0.64,Falling,6,-2.05,-0.11,Golden Cross,585,0.98,0.78,108.9,82.0,1.33,0.75,-2.74,0.45,Bear,9.24,1.27,2.12,Nifty200 Value 30,Strategy,34,52,43
5353.6,-0.18,5376.24,5050.35,46.26,Bearish,Bullish,0.26,0.11,18.87,26.06,26.06,,5671.5,4143.65,-5.61,29.2,-14.08,76,Correcting,23.61,1.51,0.91,Stable,5,0.22,0.8,Golden Cross,519,1.31,0.72,151.4,108.8,1.39,4.18,0.73,21.16,Strong Bull,44.03,11.11,0.68,Nifty Capital Markets,Thematic,8,35,7
9709.9,-0.29,9837.85,9701.24,42.83,Bearish,Bearish,-2.12,-1.89,2.05,9.85,9.85,16.24,10503.2,8779.15,-7.55,10.6,-10.02,75,Correcting,15.28,1.0,0.81,Falling,8,-1.49,0.13,Golden Cross,341,0.9,0.77,101.0,80.8,1.25,1.8,-1.27,4.34,Strong Bull,15.05,1.95,1.44,Nifty Commodities,Thematic,20,48,34
6506.8,0.54,6543.52,6688.33,56.02,Bullish,Bearish,0.62,-2.66,-7.55,2.82,2.82,23.75,7508.0,6123.65,-13.34,6.26,-15.09,95,Correcting,14.18,0.92,0.79,Falling,6,1.51,-0.53,Death Cross,30,0.47,0.43,64.0,53.9,1.19,4.54,-2.05,-5.26,Strong Bear,12.53,1.89,2.83,Nifty Cpse,Thematic,6,51,52
38223.4,-0.29,38577.78,37888.75,46.87,Bullish,Bearish,-1.43,-2.6,7.2,10.39,10.39,13.27,41535.75,33098.3,-7.97,15.48,-9.18,75,Correcting,15.29,0.89,0.72,Falling,5,-0.56,0.47,Golden Cross,146,0.74,0.63,88.7,68.2,1.3,2.49,-1.99,9.49,Bull,14.83,2.07,1.84,Nifty Energy,Thematic,15,50,24
3194.4,-0.12,3242.06,3103.57,30.53,Bearish,Bullish,-5.8,4.14,11.3,4.25,4.25,,3400.5,2631.45,-6.06,21.39,-17.87,20,Recovering,17.59,0.98,0.71,Falling,9,-7.18,0.64,Golden Cross,71,1.14,0.84,111.3,97.5,1.14,-1.88,4.75,13.59,Strong Bull,42.07,4.6,0.82,Nifty Ev & New Age Automotive,Thematic,49,16,16
11619.75,-0.03,11891.04,11773.88,30.0,Bearish,Bullish,-3.05,-2.04,3.73,1.62,1.62,11.33,12183.9,10467.1,-4.63,11.01,-14.09,60,Recovering,16.17,0.84,0.64,Falling,5,-2.37,0.23,Golden Cross,99,1.13,0.91,113.6,103.1,1.1,0.87,-1.43,6.02,Bull,20.35,2.63,0.91,Nifty Housing,Thematic,32,49,32
2441.3,0.37,2339.64,2173.8,72.69,Bullish,Bullish,4.17,12.87,32.6,11.9,11.9,,2441.3,1782.65,0.0,36.95,-21.18,0,At High,16.3,0.84,0.61,Falling,6,-0.12,2.0,Golden Cross,90,0.86,0.69,85.3,63.1,1.35,8.09,13.48,34.89,Bull,60.32,8.88,0.13,Nifty IPO,Thematic,1,3,2
11514.75,-0.15,11799.06,11676.57,27.15,Bearish,Bearish,-4.78,2.54,4.94,-6.36,-6.36,11.9,12639.05,10334.35,-8.9,11.42,-18.23,232,Correcting,14.21,0.83,0.67,Falling,6,-5.63,0.35,Golden Cross,31,0.98,0.9,90.8,93.5,0.97,-0.85,3.16,7.23,Bear,37.5,6.84,0.8,Nifty India Consumption,Thematic,43,25,28
9795.7,-0.97,9588.68,8848.33,54.26,Bearish,Bullish,1.4,8.9,17.45,27.59,27.59,47.93,9998.7,7214.3,-2.03,35.78,-15.36,1,Recovering,23.75,1.52,0.89,Stable,7,-1.57,0.73,Golden Cross,362,1.08,0.59,130.1,85.4,1.52,5.32,9.51,19.74,Strong Bull,59.12,11.43,0.48,Nifty India Defence,Thematic,4,8,9
8533.8,-0.3,8524.31,8405.26,40.66,Bearish,Bullish,-2.66,11.19,12.1,-5.51,-5.51,12.0,9710.15,7268.6,-12.11,17.41,-25.14,187,Correcting,17.48,1.29,0.74,Falling,7,-6.39,0.69,Golden Cross,14,0.95,0.71,97.4,96.4,1.01,1.26,11.8,14.39,Bull,28.48,6.43,1.41,Nifty India Digital,Thematic,26,5,13
1462.05,-0.29,1398.9,1323.69,60.69,Bearish,Bullish,2.45,22.06,29.76,0.23,0.23,,1501.88,1075.85,-2.65,35.9,-28.37,226,Correcting,20.95,1.23,0.72,Falling,6,-4.9,1.42,Golden Cross,30,1.18,0.73,110.6,100.4,1.1,6.37,22.67,32.05,Strong Bull,158.23,7.0,0.2,Nifty India Internet,Thematic,2,1,3
16115.7,-0.58,16255.72,15647.05,35.17,Bearish,Bullish,-3.1,2.89,6.59,9.93,9.93,19.02,16662.45,14032.55,-3.28,14.85,-12.21,24,Recovering,14.9,0.8,0.7,Falling,8,-4.06,0.44,Golden Cross,339,0.99,0.87,103.8,84.0,1.24,0.83,3.5,8.88,Strong Bull,27.85,4.01,0.85,Nifty India Manufacturing,Thematic,33,23,25
2719.15,-0.47,2843.34,3041.73,29.57,Bearish,Bullish,-5.83,-5.93,-10.02,-21.32,-21.32,,3617.44,2719.15,-24.83,0.0,-24.83,255,Damaged,21.16,1.23,0.75,Falling,3,-3.85,-0.47,Death Cross,155,1.17,0.72,103.9,124.3,0.84,-1.91,-5.31,-7.73,Strong Bear,21.13,2.7,1.8,Nifty India Railways Psu,Thematic,50,53,54
9133.45,0.15,9303.33,9277.04,34.76,Bearish,Bearish,-2.94,-1.12,0.41,1.65,1.65,15.19,9765.75,8560.95,-6.47,6.69,-12.34,179,Correcting,14.39,0.81,0.74,Falling,6,-2.57,0.03,Golden Cross,95,0.99,0.89,104.6,94.6,1.11,0.98,-0.5,2.7,Bull,22.54,2.64,0.99,Nifty Infrastructure,Thematic,29,41,38
14801.45,-0.06,15219.93,15222.75,25.9,Bearish,Bullish,-4.88,1.57,4.28,-11.38,-11.38,7.95,16717.4,13339.65,-11.46,10.96,-20.2,265,Correcting,14.11,0.86,0.66,Falling,4,-5.4,0.3,Death Cross,0,0.94,0.86,83.7,93.5,0.9,-0.96,2.18,6.57,Strong Bear,53.76,9.01,0.7,Nifty Non-Cyclical Consumer,Thematic,44,28,30
9750.35,0.14,9855.1,9973.2,46.43,Bullish,Bearish,-1.2,-1.48,-3.28,2.59,2.59,21.97,10766.3,9390.25,-9.44,3.83,-10.28,96,Correcting,14.75,0.87,0.69,Falling,6,-0.71,-0.22,Death Cross,25,0.74,0.65,84.5,73.5,1.15,2.72,-0.87,-0.99,Strong Bear,11.07,1.74,2.64,Nifty Pse,Thematic,14,44,47
25534.7,-0.38,25795.03,24867.72,33.51,Bearish,Bullish,-4.3,6.9,9.32,2.47,2.47,20.17,26871.95,21520.0,-4.98,18.66,-18.16,24,Recovering,19.56,1.04,0.53,Falling,8,-6.6,0.48,Golden Cross,46,1.31,0.87,121.3,109.4,1.11,-0.38,7.51,11.61,Strong Bull,44.26,5.0,0.77,Nifty Transportation & Logistics,Thematic,39,12,22
